tableName,fieldName,type,isRequired,primaryKey,emptyIsNa
attrition,database_id,VARCHAR(255),Yes,Yes,Yes
attrition,exposure_id,INTEGER,Yes,Yes,Yes
attrition,target_id,INTEGER,Yes,Yes,Yes
attrition,comparator_id,INTEGER,Yes,Yes,Yes
attrition,outcome_id,INTEGER,No,Yes,No
attrition,analysis_id,INTEGER,Yes,Yes,Yes
attrition,sequence_number,INTEGER,Yes,Yes,Yes
attrition,description,VARCHAR(255),Yes,No,Yes
attrition,subjects,INTEGER,Yes,No,Yes
cm_follow_up_dist,target_id,INTEGER,Yes,Yes,Yes
cm_follow_up_dist,comparator_id,INTEGER,Yes,Yes,Yes
cm_follow_up_dist,outcome_id,INTEGER,Yes,Yes,Yes
cm_follow_up_dist,analysis_id,INTEGER,Yes,Yes,Yes
cm_follow_up_dist,target_min_days,INTEGER,Yes,No,Yes
cm_follow_up_dist,target_p10_days,INTEGER,Yes,No,Yes
cm_follow_up_dist,target_p25_days,INTEGER,Yes,No,Yes
cm_follow_up_dist,target_median_days,INTEGER,Yes,No,Yes
cm_follow_up_dist,target_p75_days,INTEGER,Yes,No,Yes
cm_follow_up_dist,target_p90_days,INTEGER,Yes,No,Yes
cm_follow_up_dist,target_max_days,INTEGER,Yes,No,Yes
cm_follow_up_dist,comparator_min_days,INTEGER,Yes,No,Yes
cm_follow_up_dist,comparator_p10_days,INTEGER,Yes,No,Yes
cm_follow_up_dist,comparator_p25_days,INTEGER,Yes,No,Yes
cm_follow_up_dist,comparator_median_days,INTEGER,Yes,No,Yes
cm_follow_up_dist,comparator_p75_days,INTEGER,Yes,No,Yes
cm_follow_up_dist,comparator_p90_days,INTEGER,Yes,No,Yes
cm_follow_up_dist,comparator_max_days,INTEGER,Yes,No,Yes
cm_follow_up_dist,database_id,VARCHAR(255),Yes,Yes,Yes
cohort_method_analysis,analysis_id,INTEGER,Yes,Yes,Yes
cohort_method_analysis,description,VARCHAR(255),Yes,No,Yes
cohort_method_analysis,definition,TEXT,Yes,No,Yes
cohort_method_result,target_id,INTEGER,Yes,Yes,Yes
cohort_method_result,comparator_id,INTEGER,Yes,Yes,Yes
cohort_method_result,outcome_id,INTEGER,Yes,Yes,Yes
cohort_method_result,analysis_id,INTEGER,Yes,Yes,Yes
cohort_method_result,rr,BIGINT,Yes,No,Yes
cohort_method_result,ci_95_lb,INTEGER,Yes,No,Yes
cohort_method_result,ci_95_ub,BIGINT,Yes,No,Yes
cohort_method_result,p,INTEGER,Yes,No,Yes
cohort_method_result,tau,NUMERIC,No,No,Yes
cohort_method_result,log_rr,INTEGER,Yes,No,Yes
cohort_method_result,se_log_rr,INTEGER,Yes,No,Yes
cohort_method_result,target_subjects,INTEGER,Yes,No,Yes
cohort_method_result,comparator_subjects,INTEGER,Yes,No,Yes
cohort_method_result,target_days,INTEGER,Yes,No,Yes
cohort_method_result,comparator_days,INTEGER,Yes,No,Yes
cohort_method_result,target_outcomes,INTEGER,Yes,No,Yes
cohort_method_result,comparator_outcomes,INTEGER,Yes,No,Yes
cohort_method_result,calibrated_p,INTEGER,No,No,Yes
cohort_method_result,calibrated_rr,BIGINT,No,No,Yes
cohort_method_result,calibrated_ci_95_lb,INTEGER,No,No,Yes
cohort_method_result,calibrated_ci_95_ub,BIGINT,No,No,Yes
cohort_method_result,calibrated_log_rr,INTEGER,No,No,Yes
cohort_method_result,calibrated_se_log_rr,INTEGER,No,No,Yes
cohort_method_result,database_id,VARCHAR(255),Yes,Yes,Yes
comparison_summary,target_id,INTEGER,Yes,Yes,Yes
comparison_summary,comparator_id,INTEGER,Yes,Yes,Yes
comparison_summary,min_date,INTEGER,Yes,No,Yes
comparison_summary,max_date,INTEGER,Yes,No,Yes
comparison_summary,database_id,VARCHAR(255),Yes,Yes,Yes
covariate,covariate_id,BIGINT,Yes,Yes,Yes
covariate,covariate_name,TEXT,Yes,No,Yes
covariate,covariate_analysis_id,INTEGER,Yes,No,Yes
covariate,database_id,VARCHAR(255),Yes,Yes,Yes
covariate_analysis,covariate_analysis_id,INTEGER,Yes,Yes,Yes
covariate_analysis,covariate_analysis_name,VARCHAR(255),Yes,No,Yes
covariate_analysis,analysis_id,INTEGER,Yes,No,Yes
covariate_balance,database_id,VARCHAR(255),Yes,Yes,Yes
covariate_balance,target_id,INTEGER,Yes,Yes,Yes
covariate_balance,comparator_id,INTEGER,Yes,Yes,Yes
covariate_balance,outcome_id,INTEGER,No,Yes,No
covariate_balance,analysis_id,INTEGER,Yes,Yes,Yes
covariate_balance,interaction_covariate_id,VARCHAR(1),No,No,Yes
covariate_balance,covariate_id,BIGINT,Yes,No,Yes
covariate_balance,target_mean_before,NUMERIC,Yes,No,Yes
covariate_balance,comparator_mean_before,NUMERIC,Yes,No,Yes
covariate_balance,std_diff_before,NUMERIC,Yes,No,Yes
covariate_balance,target_mean_after,NUMERIC,Yes,No,Yes
covariate_balance,comparator_mean_after,INTEGER,Yes,No,Yes
covariate_balance,std_diff_after,INTEGER,Yes,No,Yes
database,database_id,VARCHAR(255),Yes,Yes,Yes
database,database_name,VARCHAR(255),Yes,No,Yes
database,description,VARCHAR(255),Yes,No,Yes
database,vocabularyVersion,VARCHAR(255),Yes,No,Yes
database,minObsPeriodDate,DATE,Yes,No,Yes
database,maxObsPeriodDate,DATE,Yes,No,Yes
database,is_meta_analysis,INTEGER,Yes,No,Yes
exposure_of_interest,exposure_id,INTEGER,Yes,Yes,Yes
exposure_of_interest,exposure_name,VARCHAR(255),Yes,No,Yes
exposure_of_interest,definition,TEXT,No,No,Yes
exposure_summary,exposure_id,INTEGER,Yes,Yes,Yes
exposure_summary,min_date,INTEGER,Yes,No,Yes
exposure_summary,max_date,INTEGER,Yes,No,Yes
exposure_summary,database_id,VARCHAR(255),Yes,Yes,Yes
kaplan_meier_dist,time,INTEGER,Yes,Yes,Yes
kaplan_meier_dist,target_survival,INTEGER,Yes,No,Yes
kaplan_meier_dist,target_survival_lb,INTEGER,Yes,No,Yes
kaplan_meier_dist,target_survival_ub,INTEGER,Yes,No,Yes
kaplan_meier_dist,comparator_survival,INTEGER,Yes,No,Yes
kaplan_meier_dist,comparator_survival_lb,INTEGER,Yes,No,Yes
kaplan_meier_dist,comparator_survival_ub,INTEGER,Yes,No,Yes
kaplan_meier_dist,target_at_risk,INTEGER,Yes,No,Yes
kaplan_meier_dist,comparator_at_risk,INTEGER,Yes,No,Yes
kaplan_meier_dist,target_id,INTEGER,Yes,Yes,Yes
kaplan_meier_dist,comparator_id,INTEGER,Yes,Yes,Yes
kaplan_meier_dist,outcome_id,INTEGER,Yes,Yes,Yes
kaplan_meier_dist,analysis_id,INTEGER,Yes,Yes,Yes
kaplan_meier_dist,database_id,VARCHAR(255),Yes,Yes,Yes
likelihood_profile,x_min2_302585093,NUMERIC,Yes,No,Yes
likelihood_profile,x_min2_297975313,NUMERIC,Yes,No,Yes
likelihood_profile,x_min2_293365533,NUMERIC,Yes,No,Yes
likelihood_profile,x_min2_288755753,NUMERIC,Yes,No,Yes
likelihood_profile,x_min2_284145973,NUMERIC,Yes,No,Yes
likelihood_profile,x_min2_279536193,NUMERIC,Yes,No,Yes
likelihood_profile,x_min2_274926413,NUMERIC,Yes,No,Yes
likelihood_profile,x_min2_270316633,NUMERIC,Yes,No,Yes
likelihood_profile,x_min2_265706853,NUMERIC,Yes,No,Yes
likelihood_profile,x_min2_261097073,NUMERIC,Yes,No,Yes
likelihood_profile,x_min2_256487293,NUMERIC,Yes,No,Yes
likelihood_profile,x_min2_251877513,NUMERIC,Yes,No,Yes
likelihood_profile,x_min2_247267733,NUMERIC,Yes,No,Yes
likelihood_profile,x_min2_242657953,NUMERIC,Yes,No,Yes
likelihood_profile,x_min2_238048173,NUMERIC,Yes,No,Yes
likelihood_profile,x_min2_233438394,NUMERIC,Yes,No,Yes
likelihood_profile,x_min2_228828614,NUMERIC,Yes,No,Yes
likelihood_profile,x_min2_224218834,NUMERIC,Yes,No,Yes
likelihood_profile,x_min2_219609054,NUMERIC,Yes,No,Yes
likelihood_profile,x_min2_214999274,NUMERIC,Yes,No,Yes
likelihood_profile,x_min2_210389494,NUMERIC,Yes,No,Yes
likelihood_profile,x_min2_205779714,NUMERIC,Yes,No,Yes
likelihood_profile,x_min2_201169934,NUMERIC,Yes,No,Yes
likelihood_profile,x_min2_196560154,NUMERIC,Yes,No,Yes
likelihood_profile,x_min2_191950374,NUMERIC,Yes,No,Yes
likelihood_profile,x_min2_187340594,NUMERIC,Yes,No,Yes
likelihood_profile,x_min2_182730814,NUMERIC,Yes,No,Yes
likelihood_profile,x_min2_178121034,NUMERIC,Yes,No,Yes
likelihood_profile,x_min2_173511254,NUMERIC,Yes,No,Yes
likelihood_profile,x_min2_168901474,NUMERIC,Yes,No,Yes
likelihood_profile,x_min2_164291694,NUMERIC,Yes,No,Yes
likelihood_profile,x_min2_159681914,NUMERIC,Yes,No,Yes
likelihood_profile,x_min2_155072134,NUMERIC,Yes,No,Yes
likelihood_profile,x_min2_150462354,NUMERIC,Yes,No,Yes
likelihood_profile,x_min2_145852574,NUMERIC,Yes,No,Yes
likelihood_profile,x_min2_141242794,NUMERIC,Yes,No,Yes
likelihood_profile,x_min2_136633014,NUMERIC,Yes,No,Yes
likelihood_profile,x_min2_132023234,NUMERIC,Yes,No,Yes
likelihood_profile,x_min2_127413454,NUMERIC,Yes,No,Yes
likelihood_profile,x_min2_122803674,NUMERIC,Yes,No,Yes
likelihood_profile,x_min2_118193894,NUMERIC,Yes,No,Yes
likelihood_profile,x_min2_113584114,NUMERIC,Yes,No,Yes
likelihood_profile,x_min2_108974334,NUMERIC,Yes,No,Yes
likelihood_profile,x_min2_104364554,NUMERIC,Yes,No,Yes
likelihood_profile,x_min2_099754774,NUMERIC,Yes,No,Yes
likelihood_profile,x_min2_095144995,NUMERIC,Yes,No,Yes
likelihood_profile,x_min2_090535215,NUMERIC,Yes,No,Yes
likelihood_profile,x_min2_085925435,NUMERIC,Yes,No,Yes
likelihood_profile,x_min2_081315655,NUMERIC,Yes,No,Yes
likelihood_profile,x_min2_076705875,NUMERIC,Yes,No,Yes
likelihood_profile,x_min2_072096095,NUMERIC,Yes,No,Yes
likelihood_profile,x_min2_067486315,NUMERIC,Yes,No,Yes
likelihood_profile,x_min2_062876535,NUMERIC,Yes,No,Yes
likelihood_profile,x_min2_058266755,NUMERIC,Yes,No,Yes
likelihood_profile,x_min2_053656975,NUMERIC,Yes,No,Yes
likelihood_profile,x_min2_049047195,NUMERIC,Yes,No,Yes
likelihood_profile,x_min2_044437415,NUMERIC,Yes,No,Yes
likelihood_profile,x_min2_039827635,NUMERIC,Yes,No,Yes
likelihood_profile,x_min2_035217855,NUMERIC,Yes,No,Yes
likelihood_profile,x_min2_030608075,NUMERIC,Yes,No,Yes
likelihood_profile,x_min2_025998295,NUMERIC,Yes,No,Yes
likelihood_profile,x_min2_021388515,NUMERIC,Yes,No,Yes
likelihood_profile,x_min2_016778735,NUMERIC,Yes,No,Yes
likelihood_profile,x_min2_012168955,NUMERIC,Yes,No,Yes
likelihood_profile,x_min2_007559175,NUMERIC,Yes,No,Yes
likelihood_profile,x_min2_002949395,NUMERIC,Yes,No,Yes
likelihood_profile,x_min1_998339615,NUMERIC,Yes,No,Yes
likelihood_profile,x_min1_993729835,NUMERIC,Yes,No,Yes
likelihood_profile,x_min1_989120055,NUMERIC,Yes,No,Yes
likelihood_profile,x_min1_984510275,NUMERIC,Yes,No,Yes
likelihood_profile,x_min1_979900495,NUMERIC,Yes,No,Yes
likelihood_profile,x_min1_975290715,NUMERIC,Yes,No,Yes
likelihood_profile,x_min1_970680935,NUMERIC,Yes,No,Yes
likelihood_profile,x_min1_966071155,NUMERIC,Yes,No,Yes
likelihood_profile,x_min1_961461376,NUMERIC,Yes,No,Yes
likelihood_profile,x_min1_956851596,NUMERIC,Yes,No,Yes
likelihood_profile,x_min1_952241816,NUMERIC,Yes,No,Yes
likelihood_profile,x_min1_947632036,NUMERIC,Yes,No,Yes
likelihood_profile,x_min1_943022256,NUMERIC,Yes,No,Yes
likelihood_profile,x_min1_938412476,NUMERIC,Yes,No,Yes
likelihood_profile,x_min1_933802696,NUMERIC,Yes,No,Yes
likelihood_profile,x_min1_929192916,NUMERIC,Yes,No,Yes
likelihood_profile,x_min1_924583136,NUMERIC,Yes,No,Yes
likelihood_profile,x_min1_919973356,NUMERIC,Yes,No,Yes
likelihood_profile,x_min1_915363576,NUMERIC,Yes,No,Yes
likelihood_profile,x_min1_910753796,NUMERIC,Yes,No,Yes
likelihood_profile,x_min1_906144016,NUMERIC,Yes,No,Yes
likelihood_profile,x_min1_901534236,NUMERIC,Yes,No,Yes
likelihood_profile,x_min1_896924456,NUMERIC,Yes,No,Yes
likelihood_profile,x_min1_892314676,NUMERIC,Yes,No,Yes
likelihood_profile,x_min1_887704896,NUMERIC,Yes,No,Yes
likelihood_profile,x_min1_883095116,NUMERIC,Yes,No,Yes
likelihood_profile,x_min1_878485336,NUMERIC,Yes,No,Yes
likelihood_profile,x_min1_873875556,NUMERIC,Yes,No,Yes
likelihood_profile,x_min1_869265776,NUMERIC,Yes,No,Yes
likelihood_profile,x_min1_864655996,NUMERIC,Yes,No,Yes
likelihood_profile,x_min1_860046216,NUMERIC,Yes,No,Yes
likelihood_profile,x_min1_855436436,NUMERIC,Yes,No,Yes
likelihood_profile,x_min1_850826656,NUMERIC,Yes,No,Yes
likelihood_profile,x_min1_846216876,NUMERIC,Yes,No,Yes
likelihood_profile,x_min1_841607096,NUMERIC,Yes,No,Yes
likelihood_profile,x_min1_836997316,NUMERIC,Yes,No,Yes
likelihood_profile,x_min1_832387536,NUMERIC,Yes,No,Yes
likelihood_profile,x_min1_827777757,NUMERIC,Yes,No,Yes
likelihood_profile,x_min1_823167977,NUMERIC,Yes,No,Yes
likelihood_profile,x_min1_818558197,NUMERIC,Yes,No,Yes
likelihood_profile,x_min1_813948417,NUMERIC,Yes,No,Yes
likelihood_profile,x_min1_809338637,NUMERIC,Yes,No,Yes
likelihood_profile,x_min1_804728857,NUMERIC,Yes,No,Yes
likelihood_profile,x_min1_800119077,NUMERIC,Yes,No,Yes
likelihood_profile,x_min1_795509297,NUMERIC,Yes,No,Yes
likelihood_profile,x_min1_790899517,NUMERIC,Yes,No,Yes
likelihood_profile,x_min1_786289737,NUMERIC,Yes,No,Yes
likelihood_profile,x_min1_781679957,NUMERIC,Yes,No,Yes
likelihood_profile,x_min1_777070177,NUMERIC,Yes,No,Yes
likelihood_profile,x_min1_772460397,NUMERIC,Yes,No,Yes
likelihood_profile,x_min1_767850617,NUMERIC,Yes,No,Yes
likelihood_profile,x_min1_763240837,NUMERIC,Yes,No,Yes
likelihood_profile,x_min1_758631057,NUMERIC,Yes,No,Yes
likelihood_profile,x_min1_754021277,NUMERIC,Yes,No,Yes
likelihood_profile,x_min1_749411497,NUMERIC,Yes,No,Yes
likelihood_profile,x_min1_744801717,NUMERIC,Yes,No,Yes
likelihood_profile,x_min1_740191937,NUMERIC,Yes,No,Yes
likelihood_profile,x_min1_735582157,NUMERIC,Yes,No,Yes
likelihood_profile,x_min1_730972377,NUMERIC,Yes,No,Yes
likelihood_profile,x_min1_726362597,NUMERIC,Yes,No,Yes
likelihood_profile,x_min1_721752817,NUMERIC,Yes,No,Yes
likelihood_profile,x_min1_717143037,NUMERIC,Yes,No,Yes
likelihood_profile,x_min1_712533257,NUMERIC,Yes,No,Yes
likelihood_profile,x_min1_707923477,NUMERIC,Yes,No,Yes
likelihood_profile,x_min1_703313697,NUMERIC,Yes,No,Yes
likelihood_profile,x_min1_698703917,NUMERIC,Yes,No,Yes
likelihood_profile,x_min1_694094137,NUMERIC,Yes,No,Yes
likelihood_profile,x_min1_689484358,NUMERIC,Yes,No,Yes
likelihood_profile,x_min1_684874578,NUMERIC,Yes,No,Yes
likelihood_profile,x_min1_680264798,NUMERIC,Yes,No,Yes
likelihood_profile,x_min1_675655018,NUMERIC,Yes,No,Yes
likelihood_profile,x_min1_671045238,NUMERIC,Yes,No,Yes
likelihood_profile,x_min1_666435458,NUMERIC,Yes,No,Yes
likelihood_profile,x_min1_661825678,NUMERIC,Yes,No,Yes
likelihood_profile,x_min1_657215898,NUMERIC,Yes,No,Yes
likelihood_profile,x_min1_652606118,NUMERIC,Yes,No,Yes
likelihood_profile,x_min1_647996338,NUMERIC,Yes,No,Yes
likelihood_profile,x_min1_643386558,NUMERIC,Yes,No,Yes
likelihood_profile,x_min1_638776778,NUMERIC,Yes,No,Yes
likelihood_profile,x_min1_634166998,NUMERIC,Yes,No,Yes
likelihood_profile,x_min1_629557218,NUMERIC,Yes,No,Yes
likelihood_profile,x_min1_624947438,NUMERIC,Yes,No,Yes
likelihood_profile,x_min1_620337658,NUMERIC,Yes,No,Yes
likelihood_profile,x_min1_615727878,NUMERIC,Yes,No,Yes
likelihood_profile,x_min1_611118098,NUMERIC,Yes,No,Yes
likelihood_profile,x_min1_606508318,NUMERIC,Yes,No,Yes
likelihood_profile,x_min1_601898538,NUMERIC,Yes,No,Yes
likelihood_profile,x_min1_597288758,NUMERIC,Yes,No,Yes
likelihood_profile,x_min1_592678978,NUMERIC,Yes,No,Yes
likelihood_profile,x_min1_588069198,NUMERIC,Yes,No,Yes
likelihood_profile,x_min1_583459418,NUMERIC,Yes,No,Yes
likelihood_profile,x_min1_578849638,NUMERIC,Yes,No,Yes
likelihood_profile,x_min1_574239858,NUMERIC,Yes,No,Yes
likelihood_profile,x_min1_569630078,NUMERIC,Yes,No,Yes
likelihood_profile,x_min1_565020298,NUMERIC,Yes,No,Yes
likelihood_profile,x_min1_560410518,NUMERIC,Yes,No,Yes
likelihood_profile,x_min1_555800739,NUMERIC,Yes,No,Yes
likelihood_profile,x_min1_551190959,NUMERIC,Yes,No,Yes
likelihood_profile,x_min1_546581179,NUMERIC,Yes,No,Yes
likelihood_profile,x_min1_541971399,NUMERIC,Yes,No,Yes
likelihood_profile,x_min1_537361619,NUMERIC,Yes,No,Yes
likelihood_profile,x_min1_532751839,NUMERIC,Yes,No,Yes
likelihood_profile,x_min1_528142059,NUMERIC,Yes,No,Yes
likelihood_profile,x_min1_523532279,NUMERIC,Yes,No,Yes
likelihood_profile,x_min1_518922499,NUMERIC,Yes,No,Yes
likelihood_profile,x_min1_514312719,NUMERIC,Yes,No,Yes
likelihood_profile,x_min1_509702939,NUMERIC,Yes,No,Yes
likelihood_profile,x_min1_505093159,NUMERIC,Yes,No,Yes
likelihood_profile,x_min1_500483379,NUMERIC,Yes,No,Yes
likelihood_profile,x_min1_495873599,NUMERIC,Yes,No,Yes
likelihood_profile,x_min1_491263819,NUMERIC,Yes,No,Yes
likelihood_profile,x_min1_486654039,NUMERIC,Yes,No,Yes
likelihood_profile,x_min1_482044259,NUMERIC,Yes,No,Yes
likelihood_profile,x_min1_477434479,NUMERIC,Yes,No,Yes
likelihood_profile,x_min1_472824699,NUMERIC,Yes,No,Yes
likelihood_profile,x_min1_468214919,NUMERIC,Yes,No,Yes
likelihood_profile,x_min1_463605139,NUMERIC,Yes,No,Yes
likelihood_profile,x_min1_458995359,NUMERIC,Yes,No,Yes
likelihood_profile,x_min1_454385579,NUMERIC,Yes,No,Yes
likelihood_profile,x_min1_449775799,NUMERIC,Yes,No,Yes
likelihood_profile,x_min1_445166019,NUMERIC,Yes,No,Yes
likelihood_profile,x_min1_440556239,NUMERIC,Yes,No,Yes
likelihood_profile,x_min1_435946459,NUMERIC,Yes,No,Yes
likelihood_profile,x_min1_431336679,NUMERIC,Yes,No,Yes
likelihood_profile,x_min1_426726899,NUMERIC,Yes,No,Yes
likelihood_profile,x_min1_422117119,NUMERIC,Yes,No,Yes
likelihood_profile,x_min1_41750734,NUMERIC,Yes,No,Yes
likelihood_profile,x_min1_41289756,NUMERIC,Yes,No,Yes
likelihood_profile,x_min1_40828778,NUMERIC,Yes,No,Yes
likelihood_profile,x_min1_403678,NUMERIC,Yes,No,Yes
likelihood_profile,x_min1_39906822,NUMERIC,Yes,No,Yes
likelihood_profile,x_min1_39445844,NUMERIC,Yes,No,Yes
likelihood_profile,x_min1_38984866,NUMERIC,Yes,No,Yes
likelihood_profile,x_min1_38523888,NUMERIC,Yes,No,Yes
likelihood_profile,x_min1_3806291,NUMERIC,Yes,No,Yes
likelihood_profile,x_min1_37601932,NUMERIC,Yes,No,Yes
likelihood_profile,x_min1_37140954,NUMERIC,Yes,No,Yes
likelihood_profile,x_min1_36679976,NUMERIC,Yes,No,Yes
likelihood_profile,x_min1_36218998,NUMERIC,Yes,No,Yes
likelihood_profile,x_min1_3575802,NUMERIC,Yes,No,Yes
likelihood_profile,x_min1_35297042,NUMERIC,Yes,No,Yes
likelihood_profile,x_min1_34836064,NUMERIC,Yes,No,Yes
likelihood_profile,x_min1_34375086,NUMERIC,Yes,No,Yes
likelihood_profile,x_min1_33914108,NUMERIC,Yes,No,Yes
likelihood_profile,x_min1_3345313,NUMERIC,Yes,No,Yes
likelihood_profile,x_min1_32992152,NUMERIC,Yes,No,Yes
likelihood_profile,x_min1_32531174,NUMERIC,Yes,No,Yes
likelihood_profile,x_min1_32070196,NUMERIC,Yes,No,Yes
likelihood_profile,x_min1_31609218,NUMERIC,Yes,No,Yes
likelihood_profile,x_min1_3114824,NUMERIC,Yes,No,Yes
likelihood_profile,x_min1_30687262,NUMERIC,Yes,No,Yes
likelihood_profile,x_min1_30226284,NUMERIC,Yes,No,Yes
likelihood_profile,x_min1_29765306,NUMERIC,Yes,No,Yes
likelihood_profile,x_min1_29304328,NUMERIC,Yes,No,Yes
likelihood_profile,x_min1_2884335,NUMERIC,Yes,No,Yes
likelihood_profile,x_min1_283823721,NUMERIC,Yes,No,Yes
likelihood_profile,x_min1_279213941,NUMERIC,Yes,No,Yes
likelihood_profile,x_min1_274604161,NUMERIC,Yes,No,Yes
likelihood_profile,x_min1_269994381,NUMERIC,Yes,No,Yes
likelihood_profile,x_min1_265384601,NUMERIC,Yes,No,Yes
likelihood_profile,x_min1_260774821,NUMERIC,Yes,No,Yes
likelihood_profile,x_min1_256165041,NUMERIC,Yes,No,Yes
likelihood_profile,x_min1_251555261,NUMERIC,Yes,No,Yes
likelihood_profile,x_min1_246945481,NUMERIC,Yes,No,Yes
likelihood_profile,x_min1_242335701,NUMERIC,Yes,No,Yes
likelihood_profile,x_min1_237725921,NUMERIC,Yes,No,Yes
likelihood_profile,x_min1_233116141,NUMERIC,Yes,No,Yes
likelihood_profile,x_min1_228506361,NUMERIC,Yes,No,Yes
likelihood_profile,x_min1_223896581,NUMERIC,Yes,No,Yes
likelihood_profile,x_min1_219286801,NUMERIC,Yes,No,Yes
likelihood_profile,x_min1_214677021,NUMERIC,Yes,No,Yes
likelihood_profile,x_min1_210067241,NUMERIC,Yes,No,Yes
likelihood_profile,x_min1_205457461,NUMERIC,Yes,No,Yes
likelihood_profile,x_min1_200847681,NUMERIC,Yes,No,Yes
likelihood_profile,x_min1_196237901,NUMERIC,Yes,No,Yes
likelihood_profile,x_min1_191628121,NUMERIC,Yes,No,Yes
likelihood_profile,x_min1_187018341,NUMERIC,Yes,No,Yes
likelihood_profile,x_min1_182408561,NUMERIC,Yes,No,Yes
likelihood_profile,x_min1_177798781,NUMERIC,Yes,No,Yes
likelihood_profile,x_min1_173189001,NUMERIC,Yes,No,Yes
likelihood_profile,x_min1_168579221,NUMERIC,Yes,No,Yes
likelihood_profile,x_min1_163969441,NUMERIC,Yes,No,Yes
likelihood_profile,x_min1_159359661,NUMERIC,Yes,No,Yes
likelihood_profile,x_min1_154749881,NUMERIC,Yes,No,Yes
likelihood_profile,x_min1_150140102,NUMERIC,Yes,No,Yes
likelihood_profile,x_min1_145530322,NUMERIC,Yes,No,Yes
likelihood_profile,x_min1_140920542,NUMERIC,Yes,No,Yes
likelihood_profile,x_min1_136310762,NUMERIC,Yes,No,Yes
likelihood_profile,x_min1_131700982,NUMERIC,Yes,No,Yes
likelihood_profile,x_min1_127091202,NUMERIC,Yes,No,Yes
likelihood_profile,x_min1_122481422,NUMERIC,Yes,No,Yes
likelihood_profile,x_min1_117871642,NUMERIC,Yes,No,Yes
likelihood_profile,x_min1_113261862,NUMERIC,Yes,No,Yes
likelihood_profile,x_min1_108652082,NUMERIC,Yes,No,Yes
likelihood_profile,x_min1_104042302,NUMERIC,Yes,No,Yes
likelihood_profile,x_min1_099432522,NUMERIC,Yes,No,Yes
likelihood_profile,x_min1_094822742,NUMERIC,Yes,No,Yes
likelihood_profile,x_min1_090212962,NUMERIC,Yes,No,Yes
likelihood_profile,x_min1_085603182,NUMERIC,Yes,No,Yes
likelihood_profile,x_min1_080993402,NUMERIC,Yes,No,Yes
likelihood_profile,x_min1_076383622,NUMERIC,Yes,No,Yes
likelihood_profile,x_min1_071773842,NUMERIC,Yes,No,Yes
likelihood_profile,x_min1_067164062,NUMERIC,Yes,No,Yes
likelihood_profile,x_min1_062554282,NUMERIC,Yes,No,Yes
likelihood_profile,x_min1_057944502,NUMERIC,Yes,No,Yes
likelihood_profile,x_min1_053334722,NUMERIC,Yes,No,Yes
likelihood_profile,x_min1_048724942,NUMERIC,Yes,No,Yes
likelihood_profile,x_min1_044115162,NUMERIC,Yes,No,Yes
likelihood_profile,x_min1_039505382,NUMERIC,Yes,No,Yes
likelihood_profile,x_min1_034895602,NUMERIC,Yes,No,Yes
likelihood_profile,x_min1_030285822,NUMERIC,Yes,No,Yes
likelihood_profile,x_min1_025676042,NUMERIC,Yes,No,Yes
likelihood_profile,x_min1_021066262,NUMERIC,Yes,No,Yes
likelihood_profile,x_min1_016456482,NUMERIC,Yes,No,Yes
likelihood_profile,x_min1_011846703,NUMERIC,Yes,No,Yes
likelihood_profile,x_min1_007236923,NUMERIC,Yes,No,Yes
likelihood_profile,x_min1_002627143,NUMERIC,Yes,No,Yes
likelihood_profile,x_min0_998017363,NUMERIC,Yes,No,Yes
likelihood_profile,x_min0_993407583,NUMERIC,Yes,No,Yes
likelihood_profile,x_min0_988797803,NUMERIC,Yes,No,Yes
likelihood_profile,x_min0_984188023,NUMERIC,Yes,No,Yes
likelihood_profile,x_min0_979578243,NUMERIC,Yes,No,Yes
likelihood_profile,x_min0_974968463,NUMERIC,Yes,No,Yes
likelihood_profile,x_min0_970358683,NUMERIC,Yes,No,Yes
likelihood_profile,x_min0_965748903,NUMERIC,Yes,No,Yes
likelihood_profile,x_min0_961139123,NUMERIC,Yes,No,Yes
likelihood_profile,x_min0_956529343,NUMERIC,Yes,No,Yes
likelihood_profile,x_min0_951919563,NUMERIC,Yes,No,Yes
likelihood_profile,x_min0_947309783,NUMERIC,Yes,No,Yes
likelihood_profile,x_min0_942700003,NUMERIC,Yes,No,Yes
likelihood_profile,x_min0_938090223,NUMERIC,Yes,No,Yes
likelihood_profile,x_min0_933480443,NUMERIC,Yes,No,Yes
likelihood_profile,x_min0_928870663,NUMERIC,Yes,No,Yes
likelihood_profile,x_min0_924260883,NUMERIC,Yes,No,Yes
likelihood_profile,x_min0_919651103,NUMERIC,Yes,No,Yes
likelihood_profile,x_min0_915041323,NUMERIC,Yes,No,Yes
likelihood_profile,x_min0_910431543,NUMERIC,Yes,No,Yes
likelihood_profile,x_min0_905821763,NUMERIC,Yes,No,Yes
likelihood_profile,x_min0_901211983,NUMERIC,Yes,No,Yes
likelihood_profile,x_min0_896602203,NUMERIC,Yes,No,Yes
likelihood_profile,x_min0_891992423,NUMERIC,Yes,No,Yes
likelihood_profile,x_min0_887382643,NUMERIC,Yes,No,Yes
likelihood_profile,x_min0_882772863,NUMERIC,Yes,No,Yes
likelihood_profile,x_min0_878163084,NUMERIC,Yes,No,Yes
likelihood_profile,x_min0_873553304,NUMERIC,Yes,No,Yes
likelihood_profile,x_min0_868943524,NUMERIC,Yes,No,Yes
likelihood_profile,x_min0_864333744,NUMERIC,Yes,No,Yes
likelihood_profile,x_min0_859723964,NUMERIC,Yes,No,Yes
likelihood_profile,x_min0_855114184,NUMERIC,Yes,No,Yes
likelihood_profile,x_min0_850504404,NUMERIC,Yes,No,Yes
likelihood_profile,x_min0_845894624,NUMERIC,Yes,No,Yes
likelihood_profile,x_min0_841284844,NUMERIC,Yes,No,Yes
likelihood_profile,x_min0_836675064,NUMERIC,Yes,No,Yes
likelihood_profile,x_min0_832065284,NUMERIC,Yes,No,Yes
likelihood_profile,x_min0_827455504,NUMERIC,Yes,No,Yes
likelihood_profile,x_min0_822845724,NUMERIC,Yes,No,Yes
likelihood_profile,x_min0_818235944,NUMERIC,Yes,No,Yes
likelihood_profile,x_min0_813626164,NUMERIC,Yes,No,Yes
likelihood_profile,x_min0_809016384,NUMERIC,Yes,No,Yes
likelihood_profile,x_min0_804406604,NUMERIC,Yes,No,Yes
likelihood_profile,x_min0_799796824,NUMERIC,Yes,No,Yes
likelihood_profile,x_min0_795187044,NUMERIC,Yes,No,Yes
likelihood_profile,x_min0_790577264,NUMERIC,Yes,No,Yes
likelihood_profile,x_min0_785967484,NUMERIC,Yes,No,Yes
likelihood_profile,x_min0_781357704,NUMERIC,Yes,No,Yes
likelihood_profile,x_min0_776747924,NUMERIC,Yes,No,Yes
likelihood_profile,x_min0_772138144,NUMERIC,Yes,No,Yes
likelihood_profile,x_min0_767528364,NUMERIC,Yes,No,Yes
likelihood_profile,x_min0_762918584,NUMERIC,Yes,No,Yes
likelihood_profile,x_min0_758308804,NUMERIC,Yes,No,Yes
likelihood_profile,x_min0_753699024,NUMERIC,Yes,No,Yes
likelihood_profile,x_min0_749089244,NUMERIC,Yes,No,Yes
likelihood_profile,x_min0_744479465,NUMERIC,Yes,No,Yes
likelihood_profile,x_min0_739869685,NUMERIC,Yes,No,Yes
likelihood_profile,x_min0_735259905,NUMERIC,Yes,No,Yes
likelihood_profile,x_min0_730650125,NUMERIC,Yes,No,Yes
likelihood_profile,x_min0_726040345,NUMERIC,Yes,No,Yes
likelihood_profile,x_min0_721430565,NUMERIC,Yes,No,Yes
likelihood_profile,x_min0_716820785,NUMERIC,Yes,No,Yes
likelihood_profile,x_min0_712211005,NUMERIC,Yes,No,Yes
likelihood_profile,x_min0_707601225,NUMERIC,Yes,No,Yes
likelihood_profile,x_min0_702991445,NUMERIC,Yes,No,Yes
likelihood_profile,x_min0_698381665,NUMERIC,Yes,No,Yes
likelihood_profile,x_min0_693771885,NUMERIC,Yes,No,Yes
likelihood_profile,x_min0_689162105,NUMERIC,Yes,No,Yes
likelihood_profile,x_min0_684552325,NUMERIC,Yes,No,Yes
likelihood_profile,x_min0_679942545,NUMERIC,Yes,No,Yes
likelihood_profile,x_min0_675332765,NUMERIC,Yes,No,Yes
likelihood_profile,x_min0_670722985,NUMERIC,Yes,No,Yes
likelihood_profile,x_min0_666113205,NUMERIC,Yes,No,Yes
likelihood_profile,x_min0_661503425,NUMERIC,Yes,No,Yes
likelihood_profile,x_min0_656893645,NUMERIC,Yes,No,Yes
likelihood_profile,x_min0_652283865,NUMERIC,Yes,No,Yes
likelihood_profile,x_min0_647674085,NUMERIC,Yes,No,Yes
likelihood_profile,x_min0_643064305,NUMERIC,Yes,No,Yes
likelihood_profile,x_min0_638454525,NUMERIC,Yes,No,Yes
likelihood_profile,x_min0_633844745,NUMERIC,Yes,No,Yes
likelihood_profile,x_min0_629234965,NUMERIC,Yes,No,Yes
likelihood_profile,x_min0_624625185,NUMERIC,Yes,No,Yes
likelihood_profile,x_min0_620015405,NUMERIC,Yes,No,Yes
likelihood_profile,x_min0_615405625,NUMERIC,Yes,No,Yes
likelihood_profile,x_min0_610795845,NUMERIC,Yes,No,Yes
likelihood_profile,x_min0_606186066,NUMERIC,Yes,No,Yes
likelihood_profile,x_min0_601576286,NUMERIC,Yes,No,Yes
likelihood_profile,x_min0_596966506,NUMERIC,Yes,No,Yes
likelihood_profile,x_min0_592356726,NUMERIC,Yes,No,Yes
likelihood_profile,x_min0_587746946,NUMERIC,Yes,No,Yes
likelihood_profile,x_min0_583137166,NUMERIC,Yes,No,Yes
likelihood_profile,x_min0_578527386,NUMERIC,Yes,No,Yes
likelihood_profile,x_min0_573917606,NUMERIC,Yes,No,Yes
likelihood_profile,x_min0_569307826,NUMERIC,Yes,No,Yes
likelihood_profile,x_min0_564698046,NUMERIC,Yes,No,Yes
likelihood_profile,x_min0_560088266,NUMERIC,Yes,No,Yes
likelihood_profile,x_min0_555478486,NUMERIC,Yes,No,Yes
likelihood_profile,x_min0_550868706,NUMERIC,Yes,No,Yes
likelihood_profile,x_min0_546258926,NUMERIC,Yes,No,Yes
likelihood_profile,x_min0_541649146,NUMERIC,Yes,No,Yes
likelihood_profile,x_min0_537039366,NUMERIC,Yes,No,Yes
likelihood_profile,x_min0_532429586,NUMERIC,Yes,No,Yes
likelihood_profile,x_min0_527819806,NUMERIC,Yes,No,Yes
likelihood_profile,x_min0_523210026,NUMERIC,Yes,No,Yes
likelihood_profile,x_min0_518600246,NUMERIC,Yes,No,Yes
likelihood_profile,x_min0_513990466,NUMERIC,Yes,No,Yes
likelihood_profile,x_min0_509380686,NUMERIC,Yes,No,Yes
likelihood_profile,x_min0_504770906,NUMERIC,Yes,No,Yes
likelihood_profile,x_min0_500161126,NUMERIC,Yes,No,Yes
likelihood_profile,x_min0_495551346,NUMERIC,Yes,No,Yes
likelihood_profile,x_min0_490941566,NUMERIC,Yes,No,Yes
likelihood_profile,x_min0_486331786,NUMERIC,Yes,No,Yes
likelihood_profile,x_min0_481722006,NUMERIC,Yes,No,Yes
likelihood_profile,x_min0_477112226,NUMERIC,Yes,No,Yes
likelihood_profile,x_min0_472502447,NUMERIC,Yes,No,Yes
likelihood_profile,x_min0_467892667,NUMERIC,Yes,No,Yes
likelihood_profile,x_min0_463282887,NUMERIC,Yes,No,Yes
likelihood_profile,x_min0_458673107,NUMERIC,Yes,No,Yes
likelihood_profile,x_min0_454063327,NUMERIC,Yes,No,Yes
likelihood_profile,x_min0_449453547,NUMERIC,Yes,No,Yes
likelihood_profile,x_min0_444843767,NUMERIC,Yes,No,Yes
likelihood_profile,x_min0_440233987,NUMERIC,Yes,No,Yes
likelihood_profile,x_min0_435624207,NUMERIC,Yes,No,Yes
likelihood_profile,x_min0_431014427,NUMERIC,Yes,No,Yes
likelihood_profile,x_min0_426404647,NUMERIC,Yes,No,Yes
likelihood_profile,x_min0_421794867,NUMERIC,Yes,No,Yes
likelihood_profile,x_min0_417185087,NUMERIC,Yes,No,Yes
likelihood_profile,x_min0_412575307,NUMERIC,Yes,No,Yes
likelihood_profile,x_min0_407965527,NUMERIC,Yes,No,Yes
likelihood_profile,x_min0_403355747,NUMERIC,Yes,No,Yes
likelihood_profile,x_min0_398745967,NUMERIC,Yes,No,Yes
likelihood_profile,x_min0_394136187,NUMERIC,Yes,No,Yes
likelihood_profile,x_min0_389526407,NUMERIC,Yes,No,Yes
likelihood_profile,x_min0_384916627,NUMERIC,Yes,No,Yes
likelihood_profile,x_min0_380306847,NUMERIC,Yes,No,Yes
likelihood_profile,x_min0_375697067,NUMERIC,Yes,No,Yes
likelihood_profile,x_min0_371087287,NUMERIC,Yes,No,Yes
likelihood_profile,x_min0_366477507,NUMERIC,Yes,No,Yes
likelihood_profile,x_min0_361867727,NUMERIC,Yes,No,Yes
likelihood_profile,x_min0_357257947,NUMERIC,Yes,No,Yes
likelihood_profile,x_min0_352648167,NUMERIC,Yes,No,Yes
likelihood_profile,x_min0_348038387,NUMERIC,Yes,No,Yes
likelihood_profile,x_min0_343428607,NUMERIC,Yes,No,Yes
likelihood_profile,x_min0_338818827,NUMERIC,Yes,No,Yes
likelihood_profile,x_min0_334209048,NUMERIC,Yes,No,Yes
likelihood_profile,x_min0_329599268,NUMERIC,Yes,No,Yes
likelihood_profile,x_min0_324989488,NUMERIC,Yes,No,Yes
likelihood_profile,x_min0_320379708,NUMERIC,Yes,No,Yes
likelihood_profile,x_min0_315769928,NUMERIC,Yes,No,Yes
likelihood_profile,x_min0_311160148,NUMERIC,Yes,No,Yes
likelihood_profile,x_min0_306550368,NUMERIC,Yes,No,Yes
likelihood_profile,x_min0_301940588,NUMERIC,Yes,No,Yes
likelihood_profile,x_min0_297330808,NUMERIC,Yes,No,Yes
likelihood_profile,x_min0_292721028,NUMERIC,Yes,No,Yes
likelihood_profile,x_min0_288111248,NUMERIC,Yes,No,Yes
likelihood_profile,x_min0_283501468,NUMERIC,Yes,No,Yes
likelihood_profile,x_min0_278891688,NUMERIC,Yes,No,Yes
likelihood_profile,x_min0_274281908,NUMERIC,Yes,No,Yes
likelihood_profile,x_min0_269672128,NUMERIC,Yes,No,Yes
likelihood_profile,x_min0_265062348,NUMERIC,Yes,No,Yes
likelihood_profile,x_min0_260452568,NUMERIC,Yes,No,Yes
likelihood_profile,x_min0_255842788,NUMERIC,Yes,No,Yes
likelihood_profile,x_min0_251233008,NUMERIC,Yes,No,Yes
likelihood_profile,x_min0_246623228,NUMERIC,Yes,No,Yes
likelihood_profile,x_min0_242013448,NUMERIC,Yes,No,Yes
likelihood_profile,x_min0_237403668,NUMERIC,Yes,No,Yes
likelihood_profile,x_min0_232793888,NUMERIC,Yes,No,Yes
likelihood_profile,x_min0_228184108,NUMERIC,Yes,No,Yes
likelihood_profile,x_min0_223574328,NUMERIC,Yes,No,Yes
likelihood_profile,x_min0_218964548,NUMERIC,Yes,No,Yes
likelihood_profile,x_min0_214354768,NUMERIC,Yes,No,Yes
likelihood_profile,x_min0_209744988,NUMERIC,Yes,No,Yes
likelihood_profile,x_min0_205135208,NUMERIC,Yes,No,Yes
likelihood_profile,x_min0_200525429,NUMERIC,Yes,No,Yes
likelihood_profile,x_min0_195915649,NUMERIC,Yes,No,Yes
likelihood_profile,x_min0_191305869,NUMERIC,Yes,No,Yes
likelihood_profile,x_min0_186696089,NUMERIC,Yes,No,Yes
likelihood_profile,x_min0_182086309,NUMERIC,Yes,No,Yes
likelihood_profile,x_min0_177476529,NUMERIC,Yes,No,Yes
likelihood_profile,x_min0_172866749,NUMERIC,Yes,No,Yes
likelihood_profile,x_min0_168256969,NUMERIC,Yes,No,Yes
likelihood_profile,x_min0_163647189,NUMERIC,Yes,No,Yes
likelihood_profile,x_min0_159037409,NUMERIC,Yes,No,Yes
likelihood_profile,x_min0_154427629,NUMERIC,Yes,No,Yes
likelihood_profile,x_min0_149817849,NUMERIC,Yes,No,Yes
likelihood_profile,x_min0_145208069,NUMERIC,Yes,No,Yes
likelihood_profile,x_min0_140598289,NUMERIC,Yes,No,Yes
likelihood_profile,x_min0_135988509,NUMERIC,Yes,No,Yes
likelihood_profile,x_min0_131378729,NUMERIC,Yes,No,Yes
likelihood_profile,x_min0_126768949,NUMERIC,Yes,No,Yes
likelihood_profile,x_min0_122159169,NUMERIC,Yes,No,Yes
likelihood_profile,x_min0_117549389,NUMERIC,Yes,No,Yes
likelihood_profile,x_min0_112939609,NUMERIC,Yes,No,Yes
likelihood_profile,x_min0_108329829,NUMERIC,Yes,No,Yes
likelihood_profile,x_min0_103720049,NUMERIC,Yes,No,Yes
likelihood_profile,x_min0_099110269,NUMERIC,Yes,No,Yes
likelihood_profile,x_min0_094500489,NUMERIC,Yes,No,Yes
likelihood_profile,x_min0_089890709,NUMERIC,Yes,No,Yes
likelihood_profile,x_min0_085280929,NUMERIC,Yes,No,Yes
likelihood_profile,x_min0_080671149,NUMERIC,Yes,No,Yes
likelihood_profile,x_min0_076061369,NUMERIC,Yes,No,Yes
likelihood_profile,x_min0_071451589,NUMERIC,Yes,No,Yes
likelihood_profile,x_min0_06684181,NUMERIC,Yes,No,Yes
likelihood_profile,x_min0_06223203,NUMERIC,Yes,No,Yes
likelihood_profile,x_min0_05762225,NUMERIC,Yes,No,Yes
likelihood_profile,x_min0_05301247,NUMERIC,Yes,No,Yes
likelihood_profile,x_min0_04840269,NUMERIC,Yes,No,Yes
likelihood_profile,x_min0_04379291,NUMERIC,Yes,No,Yes
likelihood_profile,x_min0_03918313,NUMERIC,Yes,No,Yes
likelihood_profile,x_min0_03457335,NUMERIC,Yes,No,Yes
likelihood_profile,x_min0_02996357,NUMERIC,Yes,No,Yes
likelihood_profile,x_min0_02535379,NUMERIC,Yes,No,Yes
likelihood_profile,x_min0_02074401,NUMERIC,Yes,No,Yes
likelihood_profile,x_min0_01613423,NUMERIC,Yes,No,Yes
likelihood_profile,x_min0_01152445,NUMERIC,Yes,No,Yes
likelihood_profile,x_min0_00691467,NUMERIC,Yes,No,Yes
likelihood_profile,x_min0_00230489,NUMERIC,Yes,No,Yes
likelihood_profile,x_0_00230489,NUMERIC,Yes,No,Yes
likelihood_profile,x_0_00691467,NUMERIC,Yes,No,Yes
likelihood_profile,x_0_01152445,NUMERIC,Yes,No,Yes
likelihood_profile,x_0_01613423,NUMERIC,Yes,No,Yes
likelihood_profile,x_0_02074401,NUMERIC,Yes,No,Yes
likelihood_profile,x_0_02535379,NUMERIC,Yes,No,Yes
likelihood_profile,x_0_02996357,NUMERIC,Yes,No,Yes
likelihood_profile,x_0_03457335,NUMERIC,Yes,No,Yes
likelihood_profile,x_0_03918313,NUMERIC,Yes,No,Yes
likelihood_profile,x_0_04379291,NUMERIC,Yes,No,Yes
likelihood_profile,x_0_04840269,NUMERIC,Yes,No,Yes
likelihood_profile,x_0_05301247,NUMERIC,Yes,No,Yes
likelihood_profile,x_0_05762225,NUMERIC,Yes,No,Yes
likelihood_profile,x_0_06223203,NUMERIC,Yes,No,Yes
likelihood_profile,x_0_06684181,NUMERIC,Yes,No,Yes
likelihood_profile,x_0_071451589,NUMERIC,Yes,No,Yes
likelihood_profile,x_0_076061369,NUMERIC,Yes,No,Yes
likelihood_profile,x_0_080671149,NUMERIC,Yes,No,Yes
likelihood_profile,x_0_085280929,NUMERIC,Yes,No,Yes
likelihood_profile,x_0_089890709,NUMERIC,Yes,No,Yes
likelihood_profile,x_0_094500489,NUMERIC,Yes,No,Yes
likelihood_profile,x_0_099110269,NUMERIC,Yes,No,Yes
likelihood_profile,x_0_103720049,NUMERIC,Yes,No,Yes
likelihood_profile,x_0_108329829,NUMERIC,Yes,No,Yes
likelihood_profile,x_0_112939609,NUMERIC,Yes,No,Yes
likelihood_profile,x_0_117549389,NUMERIC,Yes,No,Yes
likelihood_profile,x_0_122159169,NUMERIC,Yes,No,Yes
likelihood_profile,x_0_126768949,NUMERIC,Yes,No,Yes
likelihood_profile,x_0_131378729,NUMERIC,Yes,No,Yes
likelihood_profile,x_0_135988509,NUMERIC,Yes,No,Yes
likelihood_profile,x_0_140598289,NUMERIC,Yes,No,Yes
likelihood_profile,x_0_145208069,NUMERIC,Yes,No,Yes
likelihood_profile,x_0_149817849,NUMERIC,Yes,No,Yes
likelihood_profile,x_0_154427629,NUMERIC,Yes,No,Yes
likelihood_profile,x_0_159037409,NUMERIC,Yes,No,Yes
likelihood_profile,x_0_163647189,NUMERIC,Yes,No,Yes
likelihood_profile,x_0_168256969,NUMERIC,Yes,No,Yes
likelihood_profile,x_0_172866749,NUMERIC,Yes,No,Yes
likelihood_profile,x_0_177476529,NUMERIC,Yes,No,Yes
likelihood_profile,x_0_182086309,NUMERIC,Yes,No,Yes
likelihood_profile,x_0_186696089,NUMERIC,Yes,No,Yes
likelihood_profile,x_0_191305869,NUMERIC,Yes,No,Yes
likelihood_profile,x_0_195915649,NUMERIC,Yes,No,Yes
likelihood_profile,x_0_200525429,NUMERIC,Yes,No,Yes
likelihood_profile,x_0_205135208,NUMERIC,Yes,No,Yes
likelihood_profile,x_0_209744988,NUMERIC,Yes,No,Yes
likelihood_profile,x_0_214354768,NUMERIC,Yes,No,Yes
likelihood_profile,x_0_218964548,NUMERIC,Yes,No,Yes
likelihood_profile,x_0_223574328,NUMERIC,Yes,No,Yes
likelihood_profile,x_0_228184108,NUMERIC,Yes,No,Yes
likelihood_profile,x_0_232793888,NUMERIC,Yes,No,Yes
likelihood_profile,x_0_237403668,NUMERIC,Yes,No,Yes
likelihood_profile,x_0_242013448,NUMERIC,Yes,No,Yes
likelihood_profile,x_0_246623228,NUMERIC,Yes,No,Yes
likelihood_profile,x_0_251233008,NUMERIC,Yes,No,Yes
likelihood_profile,x_0_255842788,NUMERIC,Yes,No,Yes
likelihood_profile,x_0_260452568,NUMERIC,Yes,No,Yes
likelihood_profile,x_0_265062348,NUMERIC,Yes,No,Yes
likelihood_profile,x_0_269672128,NUMERIC,Yes,No,Yes
likelihood_profile,x_0_274281908,NUMERIC,Yes,No,Yes
likelihood_profile,x_0_278891688,NUMERIC,Yes,No,Yes
likelihood_profile,x_0_283501468,NUMERIC,Yes,No,Yes
likelihood_profile,x_0_288111248,NUMERIC,Yes,No,Yes
likelihood_profile,x_0_292721028,NUMERIC,Yes,No,Yes
likelihood_profile,x_0_297330808,NUMERIC,Yes,No,Yes
likelihood_profile,x_0_301940588,NUMERIC,Yes,No,Yes
likelihood_profile,x_0_306550368,NUMERIC,Yes,No,Yes
likelihood_profile,x_0_311160148,NUMERIC,Yes,No,Yes
likelihood_profile,x_0_315769928,NUMERIC,Yes,No,Yes
likelihood_profile,x_0_320379708,NUMERIC,Yes,No,Yes
likelihood_profile,x_0_324989488,NUMERIC,Yes,No,Yes
likelihood_profile,x_0_329599268,NUMERIC,Yes,No,Yes
likelihood_profile,x_0_334209048,NUMERIC,Yes,No,Yes
likelihood_profile,x_0_338818827,NUMERIC,Yes,No,Yes
likelihood_profile,x_0_343428607,NUMERIC,Yes,No,Yes
likelihood_profile,x_0_348038387,NUMERIC,Yes,No,Yes
likelihood_profile,x_0_352648167,NUMERIC,Yes,No,Yes
likelihood_profile,x_0_357257947,NUMERIC,Yes,No,Yes
likelihood_profile,x_0_361867727,NUMERIC,Yes,No,Yes
likelihood_profile,x_0_366477507,NUMERIC,Yes,No,Yes
likelihood_profile,x_0_371087287,NUMERIC,Yes,No,Yes
likelihood_profile,x_0_375697067,NUMERIC,Yes,No,Yes
likelihood_profile,x_0_380306847,NUMERIC,Yes,No,Yes
likelihood_profile,x_0_384916627,NUMERIC,Yes,No,Yes
likelihood_profile,x_0_389526407,NUMERIC,Yes,No,Yes
likelihood_profile,x_0_394136187,NUMERIC,Yes,No,Yes
likelihood_profile,x_0_398745967,NUMERIC,Yes,No,Yes
likelihood_profile,x_0_403355747,NUMERIC,Yes,No,Yes
likelihood_profile,x_0_407965527,NUMERIC,Yes,No,Yes
likelihood_profile,x_0_412575307,NUMERIC,Yes,No,Yes
likelihood_profile,x_0_417185087,NUMERIC,Yes,No,Yes
likelihood_profile,x_0_421794867,NUMERIC,Yes,No,Yes
likelihood_profile,x_0_426404647,NUMERIC,Yes,No,Yes
likelihood_profile,x_0_431014427,NUMERIC,Yes,No,Yes
likelihood_profile,x_0_435624207,NUMERIC,Yes,No,Yes
likelihood_profile,x_0_440233987,NUMERIC,Yes,No,Yes
likelihood_profile,x_0_444843767,NUMERIC,Yes,No,Yes
likelihood_profile,x_0_449453547,NUMERIC,Yes,No,Yes
likelihood_profile,x_0_454063327,NUMERIC,Yes,No,Yes
likelihood_profile,x_0_458673107,NUMERIC,Yes,No,Yes
likelihood_profile,x_0_463282887,NUMERIC,Yes,No,Yes
likelihood_profile,x_0_467892667,NUMERIC,Yes,No,Yes
likelihood_profile,x_0_472502447,NUMERIC,Yes,No,Yes
likelihood_profile,x_0_477112226,NUMERIC,Yes,No,Yes
likelihood_profile,x_0_481722006,NUMERIC,Yes,No,Yes
likelihood_profile,x_0_486331786,NUMERIC,Yes,No,Yes
likelihood_profile,x_0_490941566,NUMERIC,Yes,No,Yes
likelihood_profile,x_0_495551346,NUMERIC,Yes,No,Yes
likelihood_profile,x_0_500161126,NUMERIC,Yes,No,Yes
likelihood_profile,x_0_504770906,NUMERIC,Yes,No,Yes
likelihood_profile,x_0_509380686,NUMERIC,Yes,No,Yes
likelihood_profile,x_0_513990466,NUMERIC,Yes,No,Yes
likelihood_profile,x_0_518600246,NUMERIC,Yes,No,Yes
likelihood_profile,x_0_523210026,NUMERIC,Yes,No,Yes
likelihood_profile,x_0_527819806,NUMERIC,Yes,No,Yes
likelihood_profile,x_0_532429586,NUMERIC,Yes,No,Yes
likelihood_profile,x_0_537039366,NUMERIC,Yes,No,Yes
likelihood_profile,x_0_541649146,NUMERIC,Yes,No,Yes
likelihood_profile,x_0_546258926,NUMERIC,Yes,No,Yes
likelihood_profile,x_0_550868706,NUMERIC,Yes,No,Yes
likelihood_profile,x_0_555478486,NUMERIC,Yes,No,Yes
likelihood_profile,x_0_560088266,NUMERIC,Yes,No,Yes
likelihood_profile,x_0_564698046,NUMERIC,Yes,No,Yes
likelihood_profile,x_0_569307826,NUMERIC,Yes,No,Yes
likelihood_profile,x_0_573917606,NUMERIC,Yes,No,Yes
likelihood_profile,x_0_578527386,NUMERIC,Yes,No,Yes
likelihood_profile,x_0_583137166,NUMERIC,Yes,No,Yes
likelihood_profile,x_0_587746946,NUMERIC,Yes,No,Yes
likelihood_profile,x_0_592356726,NUMERIC,Yes,No,Yes
likelihood_profile,x_0_596966506,NUMERIC,Yes,No,Yes
likelihood_profile,x_0_601576286,NUMERIC,Yes,No,Yes
likelihood_profile,x_0_606186066,NUMERIC,Yes,No,Yes
likelihood_profile,x_0_610795845,NUMERIC,Yes,No,Yes
likelihood_profile,x_0_615405625,NUMERIC,Yes,No,Yes
likelihood_profile,x_0_620015405,NUMERIC,Yes,No,Yes
likelihood_profile,x_0_624625185,NUMERIC,Yes,No,Yes
likelihood_profile,x_0_629234965,NUMERIC,Yes,No,Yes
likelihood_profile,x_0_633844745,NUMERIC,Yes,No,Yes
likelihood_profile,x_0_638454525,NUMERIC,Yes,No,Yes
likelihood_profile,x_0_643064305,NUMERIC,Yes,No,Yes
likelihood_profile,x_0_647674085,NUMERIC,Yes,No,Yes
likelihood_profile,x_0_652283865,NUMERIC,Yes,No,Yes
likelihood_profile,x_0_656893645,NUMERIC,Yes,No,Yes
likelihood_profile,x_0_661503425,NUMERIC,Yes,No,Yes
likelihood_profile,x_0_666113205,NUMERIC,Yes,No,Yes
likelihood_profile,x_0_670722985,NUMERIC,Yes,No,Yes
likelihood_profile,x_0_675332765,NUMERIC,Yes,No,Yes
likelihood_profile,x_0_679942545,NUMERIC,Yes,No,Yes
likelihood_profile,x_0_684552325,NUMERIC,Yes,No,Yes
likelihood_profile,x_0_689162105,NUMERIC,Yes,No,Yes
likelihood_profile,x_0_693771885,NUMERIC,Yes,No,Yes
likelihood_profile,x_0_698381665,NUMERIC,Yes,No,Yes
likelihood_profile,x_0_702991445,NUMERIC,Yes,No,Yes
likelihood_profile,x_0_707601225,NUMERIC,Yes,No,Yes
likelihood_profile,x_0_712211005,NUMERIC,Yes,No,Yes
likelihood_profile,x_0_716820785,NUMERIC,Yes,No,Yes
likelihood_profile,x_0_721430565,NUMERIC,Yes,No,Yes
likelihood_profile,x_0_726040345,NUMERIC,Yes,No,Yes
likelihood_profile,x_0_730650125,NUMERIC,Yes,No,Yes
likelihood_profile,x_0_735259905,NUMERIC,Yes,No,Yes
likelihood_profile,x_0_739869685,NUMERIC,Yes,No,Yes
likelihood_profile,x_0_744479465,NUMERIC,Yes,No,Yes
likelihood_profile,x_0_749089244,NUMERIC,Yes,No,Yes
likelihood_profile,x_0_753699024,NUMERIC,Yes,No,Yes
likelihood_profile,x_0_758308804,NUMERIC,Yes,No,Yes
likelihood_profile,x_0_762918584,NUMERIC,Yes,No,Yes
likelihood_profile,x_0_767528364,NUMERIC,Yes,No,Yes
likelihood_profile,x_0_772138144,NUMERIC,Yes,No,Yes
likelihood_profile,x_0_776747924,NUMERIC,Yes,No,Yes
likelihood_profile,x_0_781357704,NUMERIC,Yes,No,Yes
likelihood_profile,x_0_785967484,NUMERIC,Yes,No,Yes
likelihood_profile,x_0_790577264,NUMERIC,Yes,No,Yes
likelihood_profile,x_0_795187044,NUMERIC,Yes,No,Yes
likelihood_profile,x_0_799796824,NUMERIC,Yes,No,Yes
likelihood_profile,x_0_804406604,NUMERIC,Yes,No,Yes
likelihood_profile,x_0_809016384,NUMERIC,Yes,No,Yes
likelihood_profile,x_0_813626164,NUMERIC,Yes,No,Yes
likelihood_profile,x_0_818235944,NUMERIC,Yes,No,Yes
likelihood_profile,x_0_822845724,NUMERIC,Yes,No,Yes
likelihood_profile,x_0_827455504,NUMERIC,Yes,No,Yes
likelihood_profile,x_0_832065284,NUMERIC,Yes,No,Yes
likelihood_profile,x_0_836675064,NUMERIC,Yes,No,Yes
likelihood_profile,x_0_841284844,NUMERIC,Yes,No,Yes
likelihood_profile,x_0_845894624,NUMERIC,Yes,No,Yes
likelihood_profile,x_0_850504404,NUMERIC,Yes,No,Yes
likelihood_profile,x_0_855114184,NUMERIC,Yes,No,Yes
likelihood_profile,x_0_859723964,NUMERIC,Yes,No,Yes
likelihood_profile,x_0_864333744,NUMERIC,Yes,No,Yes
likelihood_profile,x_0_868943524,NUMERIC,Yes,No,Yes
likelihood_profile,x_0_873553304,NUMERIC,Yes,No,Yes
likelihood_profile,x_0_878163084,NUMERIC,Yes,No,Yes
likelihood_profile,x_0_882772863,NUMERIC,Yes,No,Yes
likelihood_profile,x_0_887382643,NUMERIC,Yes,No,Yes
likelihood_profile,x_0_891992423,NUMERIC,Yes,No,Yes
likelihood_profile,x_0_896602203,NUMERIC,Yes,No,Yes
likelihood_profile,x_0_901211983,NUMERIC,Yes,No,Yes
likelihood_profile,x_0_905821763,NUMERIC,Yes,No,Yes
likelihood_profile,x_0_910431543,NUMERIC,Yes,No,Yes
likelihood_profile,x_0_915041323,NUMERIC,Yes,No,Yes
likelihood_profile,x_0_919651103,NUMERIC,Yes,No,Yes
likelihood_profile,x_0_924260883,NUMERIC,Yes,No,Yes
likelihood_profile,x_0_928870663,NUMERIC,Yes,No,Yes
likelihood_profile,x_0_933480443,NUMERIC,Yes,No,Yes
likelihood_profile,x_0_938090223,NUMERIC,Yes,No,Yes
likelihood_profile,x_0_942700003,NUMERIC,Yes,No,Yes
likelihood_profile,x_0_947309783,NUMERIC,Yes,No,Yes
likelihood_profile,x_0_951919563,NUMERIC,Yes,No,Yes
likelihood_profile,x_0_956529343,NUMERIC,Yes,No,Yes
likelihood_profile,x_0_961139123,NUMERIC,Yes,No,Yes
likelihood_profile,x_0_965748903,NUMERIC,Yes,No,Yes
likelihood_profile,x_0_970358683,NUMERIC,Yes,No,Yes
likelihood_profile,x_0_974968463,NUMERIC,Yes,No,Yes
likelihood_profile,x_0_979578243,NUMERIC,Yes,No,Yes
likelihood_profile,x_0_984188023,NUMERIC,Yes,No,Yes
likelihood_profile,x_0_988797803,NUMERIC,Yes,No,Yes
likelihood_profile,x_0_993407583,NUMERIC,Yes,No,Yes
likelihood_profile,x_0_998017363,NUMERIC,Yes,No,Yes
likelihood_profile,x_1_002627143,NUMERIC,Yes,No,Yes
likelihood_profile,x_1_007236923,NUMERIC,Yes,No,Yes
likelihood_profile,x_1_011846703,NUMERIC,Yes,No,Yes
likelihood_profile,x_1_016456482,NUMERIC,Yes,No,Yes
likelihood_profile,x_1_021066262,NUMERIC,Yes,No,Yes
likelihood_profile,x_1_025676042,NUMERIC,Yes,No,Yes
likelihood_profile,x_1_030285822,NUMERIC,Yes,No,Yes
likelihood_profile,x_1_034895602,NUMERIC,Yes,No,Yes
likelihood_profile,x_1_039505382,NUMERIC,Yes,No,Yes
likelihood_profile,x_1_044115162,NUMERIC,Yes,No,Yes
likelihood_profile,x_1_048724942,NUMERIC,Yes,No,Yes
likelihood_profile,x_1_053334722,NUMERIC,Yes,No,Yes
likelihood_profile,x_1_057944502,NUMERIC,Yes,No,Yes
likelihood_profile,x_1_062554282,NUMERIC,Yes,No,Yes
likelihood_profile,x_1_067164062,NUMERIC,Yes,No,Yes
likelihood_profile,x_1_071773842,NUMERIC,Yes,No,Yes
likelihood_profile,x_1_076383622,NUMERIC,Yes,No,Yes
likelihood_profile,x_1_080993402,NUMERIC,Yes,No,Yes
likelihood_profile,x_1_085603182,NUMERIC,Yes,No,Yes
likelihood_profile,x_1_090212962,NUMERIC,Yes,No,Yes
likelihood_profile,x_1_094822742,NUMERIC,Yes,No,Yes
likelihood_profile,x_1_099432522,NUMERIC,Yes,No,Yes
likelihood_profile,x_1_104042302,NUMERIC,Yes,No,Yes
likelihood_profile,x_1_108652082,NUMERIC,Yes,No,Yes
likelihood_profile,x_1_113261862,NUMERIC,Yes,No,Yes
likelihood_profile,x_1_117871642,NUMERIC,Yes,No,Yes
likelihood_profile,x_1_122481422,NUMERIC,Yes,No,Yes
likelihood_profile,x_1_127091202,NUMERIC,Yes,No,Yes
likelihood_profile,x_1_131700982,NUMERIC,Yes,No,Yes
likelihood_profile,x_1_136310762,NUMERIC,Yes,No,Yes
likelihood_profile,x_1_140920542,NUMERIC,Yes,No,Yes
likelihood_profile,x_1_145530322,NUMERIC,Yes,No,Yes
likelihood_profile,x_1_150140102,NUMERIC,Yes,No,Yes
likelihood_profile,x_1_154749881,NUMERIC,Yes,No,Yes
likelihood_profile,x_1_159359661,NUMERIC,Yes,No,Yes
likelihood_profile,x_1_163969441,NUMERIC,Yes,No,Yes
likelihood_profile,x_1_168579221,NUMERIC,Yes,No,Yes
likelihood_profile,x_1_173189001,NUMERIC,Yes,No,Yes
likelihood_profile,x_1_177798781,NUMERIC,Yes,No,Yes
likelihood_profile,x_1_182408561,NUMERIC,Yes,No,Yes
likelihood_profile,x_1_187018341,NUMERIC,Yes,No,Yes
likelihood_profile,x_1_191628121,NUMERIC,Yes,No,Yes
likelihood_profile,x_1_196237901,NUMERIC,Yes,No,Yes
likelihood_profile,x_1_200847681,NUMERIC,Yes,No,Yes
likelihood_profile,x_1_205457461,NUMERIC,Yes,No,Yes
likelihood_profile,x_1_210067241,NUMERIC,Yes,No,Yes
likelihood_profile,x_1_214677021,NUMERIC,Yes,No,Yes
likelihood_profile,x_1_219286801,NUMERIC,Yes,No,Yes
likelihood_profile,x_1_223896581,NUMERIC,Yes,No,Yes
likelihood_profile,x_1_228506361,NUMERIC,Yes,No,Yes
likelihood_profile,x_1_233116141,NUMERIC,Yes,No,Yes
likelihood_profile,x_1_237725921,NUMERIC,Yes,No,Yes
likelihood_profile,x_1_242335701,NUMERIC,Yes,No,Yes
likelihood_profile,x_1_246945481,NUMERIC,Yes,No,Yes
likelihood_profile,x_1_251555261,NUMERIC,Yes,No,Yes
likelihood_profile,x_1_256165041,NUMERIC,Yes,No,Yes
likelihood_profile,x_1_260774821,NUMERIC,Yes,No,Yes
likelihood_profile,x_1_265384601,NUMERIC,Yes,No,Yes
likelihood_profile,x_1_269994381,NUMERIC,Yes,No,Yes
likelihood_profile,x_1_274604161,NUMERIC,Yes,No,Yes
likelihood_profile,x_1_279213941,NUMERIC,Yes,No,Yes
likelihood_profile,x_1_283823721,NUMERIC,Yes,No,Yes
likelihood_profile,x_1_2884335,NUMERIC,Yes,No,Yes
likelihood_profile,x_1_29304328,NUMERIC,Yes,No,Yes
likelihood_profile,x_1_29765306,NUMERIC,Yes,No,Yes
likelihood_profile,x_1_30226284,NUMERIC,Yes,No,Yes
likelihood_profile,x_1_30687262,NUMERIC,Yes,No,Yes
likelihood_profile,x_1_3114824,NUMERIC,Yes,No,Yes
likelihood_profile,x_1_31609218,NUMERIC,Yes,No,Yes
likelihood_profile,x_1_32070196,NUMERIC,Yes,No,Yes
likelihood_profile,x_1_32531174,NUMERIC,Yes,No,Yes
likelihood_profile,x_1_32992152,NUMERIC,Yes,No,Yes
likelihood_profile,x_1_3345313,NUMERIC,Yes,No,Yes
likelihood_profile,x_1_33914108,NUMERIC,Yes,No,Yes
likelihood_profile,x_1_34375086,NUMERIC,Yes,No,Yes
likelihood_profile,x_1_34836064,NUMERIC,Yes,No,Yes
likelihood_profile,x_1_35297042,NUMERIC,Yes,No,Yes
likelihood_profile,x_1_3575802,NUMERIC,Yes,No,Yes
likelihood_profile,x_1_36218998,NUMERIC,Yes,No,Yes
likelihood_profile,x_1_36679976,NUMERIC,Yes,No,Yes
likelihood_profile,x_1_37140954,NUMERIC,Yes,No,Yes
likelihood_profile,x_1_37601932,NUMERIC,Yes,No,Yes
likelihood_profile,x_1_3806291,NUMERIC,Yes,No,Yes
likelihood_profile,x_1_38523888,NUMERIC,Yes,No,Yes
likelihood_profile,x_1_38984866,NUMERIC,Yes,No,Yes
likelihood_profile,x_1_39445844,NUMERIC,Yes,No,Yes
likelihood_profile,x_1_39906822,NUMERIC,Yes,No,Yes
likelihood_profile,x_1_403678,NUMERIC,Yes,No,Yes
likelihood_profile,x_1_40828778,NUMERIC,Yes,No,Yes
likelihood_profile,x_1_41289756,NUMERIC,Yes,No,Yes
likelihood_profile,x_1_41750734,NUMERIC,Yes,No,Yes
likelihood_profile,x_1_422117119,NUMERIC,Yes,No,Yes
likelihood_profile,x_1_426726899,NUMERIC,Yes,No,Yes
likelihood_profile,x_1_431336679,NUMERIC,Yes,No,Yes
likelihood_profile,x_1_435946459,NUMERIC,Yes,No,Yes
likelihood_profile,x_1_440556239,NUMERIC,Yes,No,Yes
likelihood_profile,x_1_445166019,NUMERIC,Yes,No,Yes
likelihood_profile,x_1_449775799,NUMERIC,Yes,No,Yes
likelihood_profile,x_1_454385579,NUMERIC,Yes,No,Yes
likelihood_profile,x_1_458995359,NUMERIC,Yes,No,Yes
likelihood_profile,x_1_463605139,NUMERIC,Yes,No,Yes
likelihood_profile,x_1_468214919,NUMERIC,Yes,No,Yes
likelihood_profile,x_1_472824699,NUMERIC,Yes,No,Yes
likelihood_profile,x_1_477434479,NUMERIC,Yes,No,Yes
likelihood_profile,x_1_482044259,NUMERIC,Yes,No,Yes
likelihood_profile,x_1_486654039,NUMERIC,Yes,No,Yes
likelihood_profile,x_1_491263819,NUMERIC,Yes,No,Yes
likelihood_profile,x_1_495873599,NUMERIC,Yes,No,Yes
likelihood_profile,x_1_500483379,NUMERIC,Yes,No,Yes
likelihood_profile,x_1_505093159,NUMERIC,Yes,No,Yes
likelihood_profile,x_1_509702939,NUMERIC,Yes,No,Yes
likelihood_profile,x_1_514312719,NUMERIC,Yes,No,Yes
likelihood_profile,x_1_518922499,NUMERIC,Yes,No,Yes
likelihood_profile,x_1_523532279,NUMERIC,Yes,No,Yes
likelihood_profile,x_1_528142059,NUMERIC,Yes,No,Yes
likelihood_profile,x_1_532751839,NUMERIC,Yes,No,Yes
likelihood_profile,x_1_537361619,NUMERIC,Yes,No,Yes
likelihood_profile,x_1_541971399,NUMERIC,Yes,No,Yes
likelihood_profile,x_1_546581179,NUMERIC,Yes,No,Yes
likelihood_profile,x_1_551190959,NUMERIC,Yes,No,Yes
likelihood_profile,x_1_555800739,NUMERIC,Yes,No,Yes
likelihood_profile,x_1_560410518,NUMERIC,Yes,No,Yes
likelihood_profile,x_1_565020298,NUMERIC,Yes,No,Yes
likelihood_profile,x_1_569630078,NUMERIC,Yes,No,Yes
likelihood_profile,x_1_574239858,NUMERIC,Yes,No,Yes
likelihood_profile,x_1_578849638,NUMERIC,Yes,No,Yes
likelihood_profile,x_1_583459418,NUMERIC,Yes,No,Yes
likelihood_profile,x_1_588069198,NUMERIC,Yes,No,Yes
likelihood_profile,x_1_592678978,NUMERIC,Yes,No,Yes
likelihood_profile,x_1_597288758,NUMERIC,Yes,No,Yes
likelihood_profile,x_1_601898538,NUMERIC,Yes,No,Yes
likelihood_profile,x_1_606508318,NUMERIC,Yes,No,Yes
likelihood_profile,x_1_611118098,NUMERIC,Yes,No,Yes
likelihood_profile,x_1_615727878,NUMERIC,Yes,No,Yes
likelihood_profile,x_1_620337658,NUMERIC,Yes,No,Yes
likelihood_profile,x_1_624947438,NUMERIC,Yes,No,Yes
likelihood_profile,x_1_629557218,NUMERIC,Yes,No,Yes
likelihood_profile,x_1_634166998,NUMERIC,Yes,No,Yes
likelihood_profile,x_1_638776778,NUMERIC,Yes,No,Yes
likelihood_profile,x_1_643386558,NUMERIC,Yes,No,Yes
likelihood_profile,x_1_647996338,NUMERIC,Yes,No,Yes
likelihood_profile,x_1_652606118,NUMERIC,Yes,No,Yes
likelihood_profile,x_1_657215898,NUMERIC,Yes,No,Yes
likelihood_profile,x_1_661825678,NUMERIC,Yes,No,Yes
likelihood_profile,x_1_666435458,NUMERIC,Yes,No,Yes
likelihood_profile,x_1_671045238,NUMERIC,Yes,No,Yes
likelihood_profile,x_1_675655018,NUMERIC,Yes,No,Yes
likelihood_profile,x_1_680264798,NUMERIC,Yes,No,Yes
likelihood_profile,x_1_684874578,NUMERIC,Yes,No,Yes
likelihood_profile,x_1_689484358,NUMERIC,Yes,No,Yes
likelihood_profile,x_1_694094137,NUMERIC,Yes,No,Yes
likelihood_profile,x_1_698703917,NUMERIC,Yes,No,Yes
likelihood_profile,x_1_703313697,NUMERIC,Yes,No,Yes
likelihood_profile,x_1_707923477,NUMERIC,Yes,No,Yes
likelihood_profile,x_1_712533257,NUMERIC,Yes,No,Yes
likelihood_profile,x_1_717143037,NUMERIC,Yes,No,Yes
likelihood_profile,x_1_721752817,NUMERIC,Yes,No,Yes
likelihood_profile,x_1_726362597,NUMERIC,Yes,No,Yes
likelihood_profile,x_1_730972377,NUMERIC,Yes,No,Yes
likelihood_profile,x_1_735582157,NUMERIC,Yes,No,Yes
likelihood_profile,x_1_740191937,NUMERIC,Yes,No,Yes
likelihood_profile,x_1_744801717,NUMERIC,Yes,No,Yes
likelihood_profile,x_1_749411497,NUMERIC,Yes,No,Yes
likelihood_profile,x_1_754021277,NUMERIC,Yes,No,Yes
likelihood_profile,x_1_758631057,NUMERIC,Yes,No,Yes
likelihood_profile,x_1_763240837,NUMERIC,Yes,No,Yes
likelihood_profile,x_1_767850617,NUMERIC,Yes,No,Yes
likelihood_profile,x_1_772460397,NUMERIC,Yes,No,Yes
likelihood_profile,x_1_777070177,NUMERIC,Yes,No,Yes
likelihood_profile,x_1_781679957,NUMERIC,Yes,No,Yes
likelihood_profile,x_1_786289737,NUMERIC,Yes,No,Yes
likelihood_profile,x_1_790899517,NUMERIC,Yes,No,Yes
likelihood_profile,x_1_795509297,NUMERIC,Yes,No,Yes
likelihood_profile,x_1_800119077,NUMERIC,Yes,No,Yes
likelihood_profile,x_1_804728857,NUMERIC,Yes,No,Yes
likelihood_profile,x_1_809338637,NUMERIC,Yes,No,Yes
likelihood_profile,x_1_813948417,NUMERIC,Yes,No,Yes
likelihood_profile,x_1_818558197,NUMERIC,Yes,No,Yes
likelihood_profile,x_1_823167977,NUMERIC,Yes,No,Yes
likelihood_profile,x_1_827777757,NUMERIC,Yes,No,Yes
likelihood_profile,x_1_832387536,NUMERIC,Yes,No,Yes
likelihood_profile,x_1_836997316,NUMERIC,Yes,No,Yes
likelihood_profile,x_1_841607096,NUMERIC,Yes,No,Yes
likelihood_profile,x_1_846216876,NUMERIC,Yes,No,Yes
likelihood_profile,x_1_850826656,NUMERIC,Yes,No,Yes
likelihood_profile,x_1_855436436,NUMERIC,Yes,No,Yes
likelihood_profile,x_1_860046216,NUMERIC,Yes,No,Yes
likelihood_profile,x_1_864655996,NUMERIC,Yes,No,Yes
likelihood_profile,x_1_869265776,NUMERIC,Yes,No,Yes
likelihood_profile,x_1_873875556,NUMERIC,Yes,No,Yes
likelihood_profile,x_1_878485336,NUMERIC,Yes,No,Yes
likelihood_profile,x_1_883095116,NUMERIC,Yes,No,Yes
likelihood_profile,x_1_887704896,NUMERIC,Yes,No,Yes
likelihood_profile,x_1_892314676,NUMERIC,Yes,No,Yes
likelihood_profile,x_1_896924456,NUMERIC,Yes,No,Yes
likelihood_profile,x_1_901534236,NUMERIC,Yes,No,Yes
likelihood_profile,x_1_906144016,NUMERIC,Yes,No,Yes
likelihood_profile,x_1_910753796,NUMERIC,Yes,No,Yes
likelihood_profile,x_1_915363576,NUMERIC,Yes,No,Yes
likelihood_profile,x_1_919973356,NUMERIC,Yes,No,Yes
likelihood_profile,x_1_924583136,NUMERIC,Yes,No,Yes
likelihood_profile,x_1_929192916,NUMERIC,Yes,No,Yes
likelihood_profile,x_1_933802696,NUMERIC,Yes,No,Yes
likelihood_profile,x_1_938412476,NUMERIC,Yes,No,Yes
likelihood_profile,x_1_943022256,NUMERIC,Yes,No,Yes
likelihood_profile,x_1_947632036,NUMERIC,Yes,No,Yes
likelihood_profile,x_1_952241816,NUMERIC,Yes,No,Yes
likelihood_profile,x_1_956851596,NUMERIC,Yes,No,Yes
likelihood_profile,x_1_961461376,NUMERIC,Yes,No,Yes
likelihood_profile,x_1_966071155,NUMERIC,Yes,No,Yes
likelihood_profile,x_1_970680935,NUMERIC,Yes,No,Yes
likelihood_profile,x_1_975290715,NUMERIC,Yes,No,Yes
likelihood_profile,x_1_979900495,NUMERIC,Yes,No,Yes
likelihood_profile,x_1_984510275,NUMERIC,Yes,No,Yes
likelihood_profile,x_1_989120055,NUMERIC,Yes,No,Yes
likelihood_profile,x_1_993729835,NUMERIC,Yes,No,Yes
likelihood_profile,x_1_998339615,NUMERIC,Yes,No,Yes
likelihood_profile,x_2_002949395,NUMERIC,Yes,No,Yes
likelihood_profile,x_2_007559175,NUMERIC,Yes,No,Yes
likelihood_profile,x_2_012168955,NUMERIC,Yes,No,Yes
likelihood_profile,x_2_016778735,NUMERIC,Yes,No,Yes
likelihood_profile,x_2_021388515,NUMERIC,Yes,No,Yes
likelihood_profile,x_2_025998295,NUMERIC,Yes,No,Yes
likelihood_profile,x_2_030608075,NUMERIC,Yes,No,Yes
likelihood_profile,x_2_035217855,NUMERIC,Yes,No,Yes
likelihood_profile,x_2_039827635,NUMERIC,Yes,No,Yes
likelihood_profile,x_2_044437415,NUMERIC,Yes,No,Yes
likelihood_profile,x_2_049047195,NUMERIC,Yes,No,Yes
likelihood_profile,x_2_053656975,NUMERIC,Yes,No,Yes
likelihood_profile,x_2_058266755,NUMERIC,Yes,No,Yes
likelihood_profile,x_2_062876535,NUMERIC,Yes,No,Yes
likelihood_profile,x_2_067486315,NUMERIC,Yes,No,Yes
likelihood_profile,x_2_072096095,NUMERIC,Yes,No,Yes
likelihood_profile,x_2_076705875,NUMERIC,Yes,No,Yes
likelihood_profile,x_2_081315655,NUMERIC,Yes,No,Yes
likelihood_profile,x_2_085925435,NUMERIC,Yes,No,Yes
likelihood_profile,x_2_090535215,NUMERIC,Yes,No,Yes
likelihood_profile,x_2_095144995,NUMERIC,Yes,No,Yes
likelihood_profile,x_2_099754774,NUMERIC,Yes,No,Yes
likelihood_profile,x_2_104364554,NUMERIC,Yes,No,Yes
likelihood_profile,x_2_108974334,NUMERIC,Yes,No,Yes
likelihood_profile,x_2_113584114,NUMERIC,Yes,No,Yes
likelihood_profile,x_2_118193894,NUMERIC,Yes,No,Yes
likelihood_profile,x_2_122803674,NUMERIC,Yes,No,Yes
likelihood_profile,x_2_127413454,NUMERIC,Yes,No,Yes
likelihood_profile,x_2_132023234,NUMERIC,Yes,No,Yes
likelihood_profile,x_2_136633014,NUMERIC,Yes,No,Yes
likelihood_profile,x_2_141242794,NUMERIC,Yes,No,Yes
likelihood_profile,x_2_145852574,NUMERIC,Yes,No,Yes
likelihood_profile,x_2_150462354,NUMERIC,Yes,No,Yes
likelihood_profile,x_2_155072134,NUMERIC,Yes,No,Yes
likelihood_profile,x_2_159681914,NUMERIC,Yes,No,Yes
likelihood_profile,x_2_164291694,NUMERIC,Yes,No,Yes
likelihood_profile,x_2_168901474,NUMERIC,Yes,No,Yes
likelihood_profile,x_2_173511254,NUMERIC,Yes,No,Yes
likelihood_profile,x_2_178121034,NUMERIC,Yes,No,Yes
likelihood_profile,x_2_182730814,NUMERIC,Yes,No,Yes
likelihood_profile,x_2_187340594,NUMERIC,Yes,No,Yes
likelihood_profile,x_2_191950374,NUMERIC,Yes,No,Yes
likelihood_profile,x_2_196560154,NUMERIC,Yes,No,Yes
likelihood_profile,x_2_201169934,NUMERIC,Yes,No,Yes
likelihood_profile,x_2_205779714,NUMERIC,Yes,No,Yes
likelihood_profile,x_2_210389494,NUMERIC,Yes,No,Yes
likelihood_profile,x_2_214999274,NUMERIC,Yes,No,Yes
likelihood_profile,x_2_219609054,NUMERIC,Yes,No,Yes
likelihood_profile,x_2_224218834,NUMERIC,Yes,No,Yes
likelihood_profile,x_2_228828614,NUMERIC,Yes,No,Yes
likelihood_profile,x_2_233438394,NUMERIC,Yes,No,Yes
likelihood_profile,x_2_238048173,NUMERIC,Yes,No,Yes
likelihood_profile,x_2_242657953,NUMERIC,Yes,No,Yes
likelihood_profile,x_2_247267733,NUMERIC,Yes,No,Yes
likelihood_profile,x_2_251877513,NUMERIC,Yes,No,Yes
likelihood_profile,x_2_256487293,NUMERIC,Yes,No,Yes
likelihood_profile,x_2_261097073,NUMERIC,Yes,No,Yes
likelihood_profile,x_2_265706853,NUMERIC,Yes,No,Yes
likelihood_profile,x_2_270316633,NUMERIC,Yes,No,Yes
likelihood_profile,x_2_274926413,NUMERIC,Yes,No,Yes
likelihood_profile,x_2_279536193,NUMERIC,Yes,No,Yes
likelihood_profile,x_2_284145973,NUMERIC,Yes,No,Yes
likelihood_profile,x_2_288755753,NUMERIC,Yes,No,Yes
likelihood_profile,x_2_293365533,NUMERIC,Yes,No,Yes
likelihood_profile,x_2_297975313,NUMERIC,Yes,No,Yes
likelihood_profile,x_2_302585093,NUMERIC,Yes,No,Yes
likelihood_profile,target_id,INTEGER,Yes,Yes,Yes
likelihood_profile,comparator_id,INTEGER,Yes,Yes,Yes
likelihood_profile,outcome_id,INTEGER,Yes,Yes,Yes
likelihood_profile,analysis_id,INTEGER,Yes,Yes,Yes
likelihood_profile,database_id,VARCHAR(255),Yes,Yes,Yes
negative_control_outcome,outcome_id,INTEGER,Yes,Yes,Yes
negative_control_outcome,outcome_name,VARCHAR(255),Yes,No,Yes
outcome_of_interest,outcome_id,INTEGER,Yes,Yes,Yes
outcome_of_interest,outcome_name,VARCHAR(255),Yes,No,Yes
outcome_of_interest,definition,TEXT,No,No,Yes
preference_score_dist,database_id,VARCHAR(255),Yes,Yes,Yes
preference_score_dist,target_id,INTEGER,Yes,Yes,Yes
preference_score_dist,comparator_id,INTEGER,Yes,Yes,Yes
preference_score_dist,analysis_id,INTEGER,Yes,Yes,Yes
preference_score_dist,preference_score,INTEGER,Yes,Yes,Yes
preference_score_dist,target_density,NUMERIC,Yes,No,Yes
preference_score_dist,comparator_density,NUMERIC,Yes,No,Yes
propensity_model,database_id,VARCHAR(255),Yes,Yes,Yes
propensity_model,target_id,INTEGER,Yes,Yes,Yes
propensity_model,comparator_id,INTEGER,Yes,Yes,Yes
propensity_model,analysis_id,INTEGER,Yes,Yes,Yes
propensity_model,covariate_id,BIGINT,Yes,Yes,Yes
propensity_model,coefficient,NUMERIC,Yes,No,Yes
